ProductID,Sub Category Key,Color,ProductName,RetailPrice,StandardCost
1,103,Red,Product_1,145.19,100.8
2,102,Blue,Product_2,284.45,211.17
3,100,Green,Product_3,90.43,67.26
4,101,White,Product_4,105.73,76.06
5,103,Green,Product_5,97.03,80.31
6,103,Yellow,Product_6,349.63,230.85
7,100,Blue,Product_7,288.5,259.53
8,103,Red,Product_8,415.72,372.86
9,102,White,Product_9,123.06,101.33
10,100,Yellow,Product_10,284.56,215.84
11,100,Black,Product_11,123.97,95.16
12,103,Black,Product_12,348.07,247.48
13,104,White,Product_13,170.97,124.88
14,102,Red,Product_14,395.67,334.06
15,100,Green,Product_15,389.86,289.33
16,103,Red,Product_16,358.08,242.37
17,101,Red,Product_17,131.43,102.06
18,103,Yellow,Product_18,271.83,208.64
19,104,Yellow,Product_19,233.11,152.9
20,102,Red,Product_20,159.75,101.35
21,103,Yellow,Product_21,235.58,143.79
22,101,White,Product_22,162.51,115.8
23,102,Red,Product_23,103.53,70.99
24,100,Green,Product_24,273.35,213.45
25,100,Yellow,Product_25,121.75,98.94
26,100,Yellow,Product_26,284.14,248.42
27,101,White,Product_27,117.05,99.87
28,101,Black,Product_28,214.83,176.35
29,104,Blue,Product_29,255.01,216.35
30,100,Green,Product_30,206.4,177.6
31,102,Green,Product_31,488.44,293.1
32,100,Yellow,Product_32,412.29,269.99
33,103,Black,Product_33,109.46,86.91
34,102,Red,Product_34,102.83,69.46
35,101,Yellow,Product_35,114.23,100.05
36,104,Green,Product_36,268.62,206.31
37,100,Green,Product_37,72.04,47.8
38,103,Blue,Product_38,268.51,170.48
39,103,Green,Product_39,400.48,247.38
40,102,Green,Product_40,393.81,236.79
41,103,Green,Product_41,287.11,227.64
42,100,Blue,Product_42,98.6,78.2
43,100,Black,Product_43,374.13,319.51
44,104,Green,Product_44,483.59,300.92
45,104,Red,Product_45,454.09,291.71
46,104,White,Product_46,179.67,149.57
47,104,Yellow,Product_47,392.8,269.56
48,103,Black,Product_48,343.99,301.87
49,102,White,Product_49,380.61,300.71
50,104,White,Product_50,220.13,156.98
51,100,Blue,Product_51,209.28,168.86
52,100,Yellow,Product_52,215.69,164.94
53,102,Green,Product_53,468.25,339.08
54,102,Red,Product_54,194.63,139.39
55,103,Yellow,Product_55,370.27,282.0
56,100,Green,Product_56,146.3,113.49
57,103,Blue,Product_57,239.77,207.02
58,102,Yellow,Product_58,125.02,112.48
59,101,White,Product_59,323.55,241.09
60,104,Blue,Product_60,493.93,385.67
61,101,Blue,Product_61,481.86,397.31
62,103,Green,Product_62,62.53,47.41
63,100,Blue,Product_63,386.58,273.58
64,103,Red,Product_64,438.35,337.98
65,102,White,Product_65,357.3,240.17
66,101,Green,Product_66,259.08,218.09
67,103,Yellow,Product_67,206.65,144.24
68,103,White,Product_68,135.55,104.02
69,100,Black,Product_69,418.32,302.06
70,100,Green,Product_70,164.02,126.14
71,101,White,Product_71,80.84,71.45
72,104,Green,Product_72,453.68,290.23
73,102,White,Product_73,414.0,294.73
74,100,White,Product_74,261.29,204.49
75,101,Yellow,Product_75,140.08,115.73
76,103,Yellow,Product_76,254.99,197.51
77,104,Blue,Product_77,213.25,183.83
78,103,White,Product_78,75.72,64.9
79,100,Red,Product_79,460.99,405.3
80,101,Yellow,Product_80,413.49,290.44
81,103,Blue,Product_81,150.99,102.01
82,103,Blue,Product_82,107.67,73.88
83,104,White,Product_83,415.07,273.81
84,102,Red,Product_84,189.83,162.59
85,104,Red,Product_85,137.19,97.58
86,102,Red,Product_86,295.28,225.88
87,101,Green,Product_87,181.61,127.53
88,104,Black,Product_88,89.52,79.11
89,103,Blue,Product_89,142.23,113.48
90,100,White,Product_90,356.48,248.15
91,103,Green,Product_91,417.33,328.84
92,102,Red,Product_92,144.33,126.54
93,101,Green,Product_93,477.86,406.1
94,104,Green,Product_94,393.52,304.88
95,100,Red,Product_95,380.59,276.17
96,102,Blue,Product_96,485.32,383.13
97,100,Green,Product_97,77.77,48.56
98,104,Blue,Product_98,281.16,176.15
99,103,Green,Product_99,308.46,246.73
100,104,White,Product_100,343.96,248.53
101,103,Red,Product_101,153.44,124.07
102,100,Red,Product_102,431.06,259.02
103,102,Blue,Product_103,432.34,346.03
104,103,Yellow,Product_104,83.24,64.18
105,103,Black,Product_105,112.16,71.11
106,103,Green,Product_106,463.45,324.48
107,101,Green,Product_107,428.33,274.15
108,103,Blue,Product_108,373.68,247.45
109,102,Blue,Product_109,200.26,180.16
110,102,White,Product_110,420.17,352.46
111,103,White,Product_111,385.95,305.51
112,102,Red,Product_112,335.87,219.84
113,101,Yellow,Product_113,145.17,100.35
114,102,Black,Product_114,145.97,114.44
115,104,Yellow,Product_115,100.41,65.02
116,101,Yellow,Product_116,462.16,340.06
117,102,Yellow,Product_117,102.19,81.06
118,101,Green,Product_118,422.84,315.71
119,103,Green,Product_119,361.01,311.19
120,104,White,Product_120,485.15,299.58
121,104,Yellow,Product_121,378.52,302.16
122,101,Red,Product_122,283.87,217.99
123,102,Blue,Product_123,498.23,426.4
124,101,Yellow,Product_124,95.57,82.14
125,104,Green,Product_125,459.84,313.18
126,100,Red,Product_126,485.09,372.21
127,102,Black,Product_127,447.18,398.02
128,102,Red,Product_128,280.76,242.63
129,104,Blue,Product_129,224.99,155.98
130,103,Red,Product_130,236.44,173.81
131,102,Black,Product_131,93.84,77.19
132,103,Blue,Product_132,114.67,92.15
133,104,White,Product_133,124.22,96.25
134,104,Green,Product_134,328.64,256.36
135,101,Red,Product_135,360.71,276.84
136,104,Red,Product_136,403.31,276.63
137,104,Red,Product_137,388.51,243.77
138,101,Black,Product_138,224.8,139.48
139,103,Black,Product_139,192.0,125.16
140,100,Red,Product_140,145.33,125.37
141,104,White,Product_141,234.96,147.2
142,102,Blue,Product_142,464.49,335.94
143,101,Black,Product_143,391.52,308.57
144,104,Blue,Product_144,187.23,130.51
145,101,Black,Product_145,132.56,95.41
146,102,Green,Product_146,382.3,299.5
147,104,White,Product_147,107.65,72.74
148,101,Yellow,Product_148,309.52,192.75
149,103,Blue,Product_149,457.61,359.8
150,100,Blue,Product_150,452.83,294.98
151,104,Black,Product_151,210.8,174.28
152,101,Blue,Product_152,219.9,157.1
153,101,Blue,Product_153,385.45,258.92
154,104,Yellow,Product_154,121.68,101.7
155,102,Yellow,Product_155,271.79,200.82
156,102,Red,Product_156,278.08,189.76
157,101,Blue,Product_157,253.47,210.97
158,101,Blue,Product_158,154.38,138.28
159,103,Red,Product_159,93.1,78.57
160,104,Blue,Product_160,313.01,233.32
161,102,White,Product_161,274.13,228.24
162,103,Yellow,Product_162,131.58,107.63
163,102,Green,Product_163,191.96,149.18
164,103,Green,Product_164,52.27,36.62
165,104,Red,Product_165,129.81,95.27
166,103,Yellow,Product_166,374.3,335.53
167,104,Yellow,Product_167,450.04,375.96
168,102,Green,Product_168,361.78,320.62
169,103,Blue,Product_169,344.19,245.35
170,101,Blue,Product_170,469.69,304.64
171,103,Yellow,Product_171,185.32,118.66
172,101,Blue,Product_172,115.88,76.69
173,101,Yellow,Product_173,221.55,149.09
174,100,Black,Product_174,474.75,382.56
175,104,Blue,Product_175,306.32,212.23
176,101,Green,Product_176,430.31,260.13
177,101,Black,Product_177,189.5,164.98
178,100,White,Product_178,237.78,201.98
179,103,Yellow,Product_179,357.17,292.03
180,100,Green,Product_180,200.86,125.61
181,100,White,Product_181,105.09,87.4
182,103,Yellow,Product_182,495.53,380.19
183,104,Blue,Product_183,379.57,260.74
184,100,White,Product_184,161.91,139.06
185,104,Black,Product_185,183.64,121.98
186,103,White,Product_186,407.21,329.36
187,101,Red,Product_187,256.42,185.59
188,101,Blue,Product_188,93.73,63.57
189,101,Black,Product_189,469.36,368.03
190,100,Red,Product_190,441.07,336.48
191,101,Blue,Product_191,229.32,151.29
192,101,White,Product_192,91.62,81.04
193,101,Black,Product_193,391.49,257.03
194,102,Yellow,Product_194,268.52,179.73
195,102,Black,Product_195,298.34,217.1
196,102,White,Product_196,232.72,153.31
197,102,Red,Product_197,172.27,134.16
198,103,White,Product_198,149.98,99.12
199,104,Blue,Product_199,166.65,120.48
200,100,Red,Product_200,371.16,281.22
201,102,Black,Product_201,221.32,145.89
202,103,Yellow,Product_202,356.63,215.04
203,104,White,Product_203,104.75,80.65
204,102,Blue,Product_204,452.81,317.52
205,101,Blue,Product_205,355.31,265.89
206,103,Black,Product_206,457.39,401.63
207,101,Green,Product_207,348.68,291.69
208,100,Blue,Product_208,379.55,260.27
209,103,Blue,Product_209,309.99,217.23
210,101,Blue,Product_210,193.99,166.38
211,104,Green,Product_211,116.0,99.85
212,102,Blue,Product_212,149.82,116.98
213,104,White,Product_213,469.16,405.88
214,103,Yellow,Product_214,458.88,336.28
215,103,Red,Product_215,257.13,202.6
216,101,Black,Product_216,473.29,404.55
217,100,Red,Product_217,168.18,144.02
218,103,Yellow,Product_218,439.19,333.91
219,103,Red,Product_219,156.62,134.34
220,103,Blue,Product_220,208.69,163.17
221,100,White,Product_221,174.85,113.07
222,104,Red,Product_222,272.4,200.48
223,103,Red,Product_223,493.89,433.44
224,102,Black,Product_224,394.68,315.28
225,104,White,Product_225,406.32,342.91
226,102,Black,Product_226,74.53,56.84
227,101,Yellow,Product_227,481.94,394.64
228,101,Yellow,Product_228,496.05,386.55
229,102,Red,Product_229,473.32,355.96
230,101,Green,Product_230,290.47,217.93
231,102,Blue,Product_231,200.72,174.31
232,103,Black,Product_232,292.07,211.6
233,100,Green,Product_233,244.34,182.32
234,103,White,Product_234,157.92,96.41
235,103,Blue,Product_235,173.83,109.58
236,103,Black,Product_236,405.23,275.17
237,100,Red,Product_237,245.31,212.15
238,104,Blue,Product_238,303.61,183.09
239,101,Blue,Product_239,97.25,67.47
240,103,Red,Product_240,53.99,39.96
241,104,White,Product_241,317.05,247.43
242,101,Green,Product_242,414.65,248.84
243,101,Red,Product_243,183.75,164.11
244,102,Black,Product_244,450.79,319.51
245,103,Green,Product_245,282.17,197.95
246,100,Yellow,Product_246,59.79,48.48
247,103,Yellow,Product_247,227.58,145.94
248,102,Green,Product_248,315.85,204.25
249,102,White,Product_249,83.9,72.99
250,101,Red,Product_250,343.1,274.41
251,102,Black,Product_251,263.75,164.62
252,100,Black,Product_252,494.88,315.98
253,102,White,Product_253,153.05,118.24
254,104,White,Product_254,385.14,277.62
255,100,Red,Product_255,181.67,114.86
256,101,White,Product_256,464.99,384.89
257,104,Yellow,Product_257,238.84,198.88
258,102,Blue,Product_258,428.45,303.86
259,103,Red,Product_259,496.2,390.13
260,100,Red,Product_260,95.55,65.72
261,100,Yellow,Product_261,402.42,294.42
262,100,Green,Product_262,280.1,228.46
263,103,Green,Product_263,98.96,85.01
264,104,Yellow,Product_264,496.83,325.45
265,103,Green,Product_265,117.86,83.57
266,100,White,Product_266,395.68,336.86
267,102,White,Product_267,365.47,230.18
268,103,White,Product_268,268.81,210.32
269,101,Yellow,Product_269,234.16,145.35
270,100,Red,Product_270,136.72,108.01
271,101,Yellow,Product_271,299.52,208.01
272,100,Green,Product_272,409.19,362.12
273,103,Blue,Product_273,170.12,149.05
274,104,Red,Product_274,119.15,101.25
275,102,Blue,Product_275,204.66,147.95
276,101,Black,Product_276,313.58,250.74
277,102,Red,Product_277,84.44,50.99
278,104,Yellow,Product_278,97.46,68.04
279,100,White,Product_279,352.54,218.65
280,100,Yellow,Product_280,214.28,169.19
281,101,Red,Product_281,76.51,48.77
282,101,White,Product_282,419.17,287.64
283,100,Black,Product_283,407.75,277.09
284,102,Green,Product_284,92.02,81.41
285,100,White,Product_285,382.45,313.29
286,104,Black,Product_286,248.04,193.55
287,102,Black,Product_287,248.21,197.32
288,101,Red,Product_288,112.94,91.48
289,100,Yellow,Product_289,300.68,189.73
290,101,Black,Product_290,322.87,258.12
291,100,Blue,Product_291,393.08,345.67
292,104,White,Product_292,90.95,76.76
293,101,Black,Product_293,229.17,159.02
294,100,Blue,Product_294,158.85,128.21
295,101,Black,Product_295,82.83,68.68
296,102,White,Product_296,340.2,211.04
297,103,Red,Product_297,408.36,305.36
298,100,Red,Product_298,137.06,107.6
299,104,White,Product_299,188.11,146.26
300,103,Green,Product_300,416.9,313.17
301,101,Black,Product_301,497.65,429.94
302,102,Black,Product_302,376.89,334.84
303,101,Green,Product_303,366.81,239.79
304,102,Blue,Product_304,232.28,149.67
305,100,Yellow,Product_305,106.83,78.28
306,104,White,Product_306,58.04,38.72
307,104,Blue,Product_307,383.63,256.9
308,102,Black,Product_308,439.55,300.9
309,100,Red,Product_309,54.95,35.13
310,100,Yellow,Product_310,399.3,318.74
311,104,Blue,Product_311,468.01,415.57
312,102,Red,Product_312,404.72,301.59
313,102,White,Product_313,369.85,288.8
314,104,Black,Product_314,356.57,225.31
315,100,Black,Product_315,59.5,47.41
316,104,Yellow,Product_316,385.38,309.41
317,100,Blue,Product_317,211.99,175.53
318,101,Yellow,Product_318,316.7,245.84
319,102,Blue,Product_319,346.8,308.45
320,101,Yellow,Product_320,381.02,297.86
321,104,Blue,Product_321,299.76,254.55
322,100,Blue,Product_322,411.16,268.12
323,103,White,Product_323,108.4,97.16
324,101,White,Product_324,320.9,265.2
325,102,Black,Product_325,276.24,167.09
326,102,Red,Product_326,86.83,63.14
327,104,White,Product_327,73.33,54.1
328,102,Yellow,Product_328,162.58,124.8
329,101,White,Product_329,479.63,291.31
330,102,Black,Product_330,403.24,243.58
331,103,Green,Product_331,119.8,105.4
332,104,Black,Product_332,453.46,401.52
333,104,Blue,Product_333,376.73,278.46
334,104,Yellow,Product_334,440.76,385.62
335,101,Blue,Product_335,388.21,273.66
336,100,Red,Product_336,399.75,358.37
337,103,Black,Product_337,322.6,254.25
338,100,Yellow,Product_338,167.04,148.66
339,100,Yellow,Product_339,330.98,227.93
340,102,Red,Product_340,283.49,189.99
341,104,Blue,Product_341,262.69,159.44
342,100,Red,Product_342,218.63,191.25
343,104,Black,Product_343,223.84,196.24
344,100,Green,Product_344,72.31,58.04
345,104,Yellow,Product_345,331.49,297.35
346,100,Green,Product_346,300.59,215.19
347,104,Blue,Product_347,242.95,166.21
348,100,Green,Product_348,379.32,314.88
349,101,Blue,Product_349,483.14,347.88
350,104,White,Product_350,498.57,429.99
351,100,Black,Product_351,244.67,176.23
352,104,Red,Product_352,138.46,121.89
353,101,Yellow,Product_353,168.89,146.55
354,102,Blue,Product_354,192.39,164.0
355,101,Green,Product_355,316.32,191.42
356,100,Black,Product_356,217.34,188.35
357,104,Blue,Product_357,490.78,372.23
358,101,Red,Product_358,376.87,278.17
359,104,Blue,Product_359,252.98,214.05
360,100,White,Product_360,293.12,197.36
361,103,Yellow,Product_361,269.18,196.98
362,102,Black,Product_362,50.89,34.09
363,101,Green,Product_363,393.31,347.53
364,102,Yellow,Product_364,158.46,111.03
365,102,Red,Product_365,375.48,267.1
366,101,Blue,Product_366,187.57,140.82
367,101,White,Product_367,318.45,233.6
368,102,Yellow,Product_368,303.44,218.59
369,104,Black,Product_369,342.74,257.7
370,100,Black,Product_370,260.4,175.67
371,104,Blue,Product_371,181.71,135.48
372,103,Yellow,Product_372,472.72,380.6
373,103,Black,Product_373,423.44,361.56
374,103,Green,Product_374,441.84,347.28
375,104,Black,Product_375,221.21,158.29
376,103,Red,Product_376,295.97,182.82
377,102,Black,Product_377,438.0,296.14
378,104,Black,Product_378,476.28,292.14
379,101,White,Product_379,76.26,45.77
380,103,Red,Product_380,288.56,208.37
381,103,Yellow,Product_381,155.45,110.92
382,103,White,Product_382,338.51,238.17
383,101,Red,Product_383,489.96,403.54
384,103,Black,Product_384,119.31,98.85
385,103,White,Product_385,417.11,278.65
386,102,Red,Product_386,425.38,271.1
387,100,Black,Product_387,368.74,225.82
388,104,Red,Product_388,390.46,292.39
389,100,Red,Product_389,298.44,238.71
390,101,Blue,Product_390,231.97,182.65
391,104,Black,Product_391,402.32,296.73
392,101,Green,Product_392,453.18,290.59
393,102,White,Product_393,465.92,297.62
394,101,Red,Product_394,264.2,194.85
395,102,Blue,Product_395,395.96,326.37
396,100,Black,Product_396,289.72,234.55
397,100,Red,Product_397,366.64,308.56
398,102,Yellow,Product_398,353.04,312.45
399,103,Green,Product_399,484.07,387.61
400,102,Blue,Product_400,246.25,217.75
401,103,Green,Product_401,300.51,217.88
402,101,Red,Product_402,197.79,119.41
403,103,Red,Product_403,140.66,120.77
404,104,Yellow,Product_404,223.78,157.15
405,103,White,Product_405,188.97,141.59
406,104,Red,Product_406,333.25,230.63
407,103,Blue,Product_407,397.88,247.45
408,100,Yellow,Product_408,350.37,222.7
409,101,Yellow,Product_409,210.68,158.0
410,103,Red,Product_410,212.37,128.46
411,102,Black,Product_411,230.44,169.65
412,104,Red,Product_412,371.33,316.72
413,100,Black,Product_413,374.71,244.89
414,103,Blue,Product_414,373.44,330.94
415,101,Yellow,Product_415,50.72,37.7
416,104,Yellow,Product_416,381.17,322.2
417,101,White,Product_417,91.07,70.02
418,100,White,Product_418,391.33,323.97
419,100,Red,Product_419,387.78,310.85
420,101,Red,Product_420,316.06,228.31
421,103,Red,Product_421,393.34,335.65
422,100,Black,Product_422,152.41,113.43
423,104,Green,Product_423,436.7,372.06
424,101,Black,Product_424,241.23,198.01
425,101,Yellow,Product_425,57.9,38.09
426,102,Green,Product_426,308.83,222.5
427,104,Blue,Product_427,87.15,64.71
428,100,Red,Product_428,461.52,289.93
429,103,Blue,Product_429,244.51,203.16
430,100,Red,Product_430,81.2,54.62
431,103,White,Product_431,256.52,181.27
432,103,Red,Product_432,248.32,201.72
433,100,Red,Product_433,443.53,273.45
434,104,White,Product_434,68.22,54.34
435,100,Yellow,Product_435,312.9,198.32
436,101,White,Product_436,304.94,270.97
437,104,Yellow,Product_437,411.52,353.4
438,103,Yellow,Product_438,91.49,74.29
439,102,Black,Product_439,459.21,351.18
440,103,Yellow,Product_440,213.67,181.72
441,104,Red,Product_441,286.29,208.8
442,102,Blue,Product_442,255.99,167.85
443,103,White,Product_443,133.12,84.58
444,103,Blue,Product_444,191.14,129.74
445,104,White,Product_445,367.03,262.61
446,103,Green,Product_446,412.16,288.04
447,101,Black,Product_447,107.01,83.34
448,102,Blue,Product_448,87.83,77.66
449,100,Green,Product_449,440.23,279.68
450,100,White,Product_450,240.9,174.71
451,101,Green,Product_451,430.16,364.68
452,103,Black,Product_452,60.17,38.78
453,100,Black,Product_453,316.52,267.05
454,101,Black,Product_454,325.15,231.5
455,100,Blue,Product_455,494.11,333.01
456,104,Yellow,Product_456,223.64,146.06
457,104,Green,Product_457,253.43,189.34
458,103,Green,Product_458,85.15,75.43
459,102,Red,Product_459,82.68,68.74
460,104,Blue,Product_460,92.8,65.04
461,104,Black,Product_461,52.23,38.75
462,101,Blue,Product_462,486.42,418.08
463,103,Yellow,Product_463,55.7,40.12
464,103,White,Product_464,496.97,341.09
465,101,Green,Product_465,310.86,223.15
466,103,Red,Product_466,109.17,88.55
467,101,Red,Product_467,440.66,316.37
468,104,Blue,Product_468,340.81,218.85
469,102,Blue,Product_469,467.8,360.77
470,104,Yellow,Product_470,426.13,284.67
471,101,Red,Product_471,96.14,85.11
472,104,Black,Product_472,72.97,44.86
473,100,Red,Product_473,477.55,334.46
474,102,Red,Product_474,483.47,433.93
475,104,Black,Product_475,437.47,289.69
476,102,Blue,Product_476,74.69,52.04
477,101,Blue,Product_477,75.07,51.86
478,102,Blue,Product_478,468.22,321.48
479,104,White,Product_479,345.47,237.89
480,100,Blue,Product_480,199.32,121.46
481,100,Black,Product_481,108.06,84.62
482,100,Green,Product_482,301.6,200.71
483,103,Black,Product_483,120.88,83.7
484,102,White,Product_484,409.71,350.45
485,100,White,Product_485,321.23,255.32
486,101,Red,Product_486,459.65,371.13
487,103,Red,Product_487,146.98,120.84
488,100,Yellow,Product_488,153.31,136.93
489,103,Green,Product_489,201.3,134.1
490,102,Black,Product_490,433.39,308.43
491,100,Green,Product_491,388.53,270.71
492,104,Red,Product_492,267.79,216.66
493,104,White,Product_493,431.73,311.39
494,101,Yellow,Product_494,139.19,95.3
495,102,White,Product_495,69.6,61.22
496,102,Yellow,Product_496,380.07,279.22
497,102,Red,Product_497,106.62,73.34
498,100,White,Product_498,59.76,52.31
499,102,Green,Product_499,191.97,118.74
500,102,Red,Product_500,448.64,370.25
501,100,Yellow,Product_501,82.61,70.37
502,103,Yellow,Product_502,404.39,316.17
503,103,Green,Product_503,103.34,92.12
504,104,Yellow,Product_504,200.68,125.09
505,103,Yellow,Product_505,163.32,117.79
506,101,Green,Product_506,102.9,84.49
507,104,White,Product_507,299.82,225.62
508,102,Black,Product_508,254.0,206.85
509,104,Yellow,Product_509,59.81,42.78
510,103,White,Product_510,407.37,260.55
511,101,Yellow,Product_511,205.49,133.69
512,101,Red,Product_512,261.48,219.55
513,101,Black,Product_513,149.87,94.58
514,101,Blue,Product_514,477.06,410.87
515,100,Black,Product_515,300.72,191.06
516,102,White,Product_516,187.73,158.25
517,103,Black,Product_517,194.34,127.97
518,102,Yellow,Product_518,455.32,300.41
519,104,Red,Product_519,426.27,303.35
520,102,Blue,Product_520,207.11,139.25
521,104,Black,Product_521,378.55,246.66
522,100,Blue,Product_522,406.24,248.13
523,103,Black,Product_523,94.47,72.28
524,102,White,Product_524,457.97,337.8
525,102,Blue,Product_525,87.16,56.88
526,103,Black,Product_526,170.0,140.23
527,104,Black,Product_527,223.19,191.46
528,104,Green,Product_528,423.33,349.57
529,102,Green,Product_529,491.4,322.14
530,100,White,Product_530,80.98,56.18
531,100,Blue,Product_531,263.91,192.86
532,102,Blue,Product_532,359.5,316.18
533,100,White,Product_533,428.14,368.6
534,100,Green,Product_534,478.76,334.0
535,103,Yellow,Product_535,168.51,112.4
536,100,Green,Product_536,91.66,71.69
537,101,White,Product_537,154.44,121.2
538,102,White,Product_538,316.88,191.69
539,102,White,Product_539,302.74,244.66
540,104,Yellow,Product_540,120.53,89.13
541,102,Black,Product_541,476.61,341.99
542,100,Red,Product_542,288.36,212.33
543,101,Black,Product_543,434.09,385.2
544,100,White,Product_544,447.58,322.3
545,104,Blue,Product_545,438.64,280.67
546,101,Green,Product_546,394.35,268.99
547,102,Yellow,Product_547,134.07,105.19
548,104,Yellow,Product_548,363.66,295.4
549,104,Red,Product_549,241.46,201.66
550,103,Blue,Product_550,207.06,174.61
551,103,White,Product_551,488.73,417.09
552,104,White,Product_552,497.07,305.33
553,100,Green,Product_553,163.16,120.8
554,103,Green,Product_554,268.64,179.16
555,102,Yellow,Product_555,217.07,132.5
556,100,White,Product_556,276.38,218.22
557,102,Yellow,Product_557,323.13,206.0
558,102,Black,Product_558,171.45,111.29
559,100,Green,Product_559,477.13,424.94
560,101,Red,Product_560,101.01,74.96
561,101,Blue,Product_561,137.98,106.5
562,103,Black,Product_562,323.52,283.67
563,101,Green,Product_563,150.43,102.12
564,101,Black,Product_564,342.71,255.35
565,101,Yellow,Product_565,243.59,196.87
566,102,Yellow,Product_566,359.83,265.28
567,100,Green,Product_567,451.53,306.87
568,102,Green,Product_568,257.83,216.92
569,103,Blue,Product_569,51.35,38.92
570,100,Blue,Product_570,178.59,150.43
571,101,White,Product_571,400.55,339.92
572,100,Red,Product_572,350.42,217.53
573,100,Green,Product_573,390.08,256.04
574,102,Green,Product_574,265.37,210.52
575,103,Green,Product_575,426.14,287.03
576,101,Red,Product_576,149.42,110.31
577,100,Yellow,Product_577,69.78,57.64
578,101,Black,Product_578,224.72,144.43
579,102,Black,Product_579,465.18,353.02
580,102,Red,Product_580,354.41,297.13
581,103,Yellow,Product_581,268.44,173.29
582,100,Red,Product_582,490.59,358.42
583,101,Blue,Product_583,382.32,301.42
584,100,Black,Product_584,221.08,151.44
585,100,Blue,Product_585,295.12,189.7
586,100,White,Product_586,426.45,338.04
587,102,Black,Product_587,368.75,277.16
588,104,White,Product_588,165.16,113.74
589,100,Yellow,Product_589,346.32,284.28
590,100,Red,Product_590,458.13,348.43
591,101,Yellow,Product_591,232.75,168.61
592,100,Black,Product_592,231.93,205.87
593,104,White,Product_593,215.34,140.28
594,104,Yellow,Product_594,467.66,313.38
595,100,Yellow,Product_595,166.72,123.92
596,103,Red,Product_596,347.35,229.8
597,101,Red,Product_597,453.3,349.73
598,100,Red,Product_598,210.68,145.54
599,104,Blue,Product_599,232.37,144.48
600,103,White,Product_600,87.32,60.77
601,103,Black,Product_601,128.11,90.4
602,103,Blue,Product_602,397.95,269.4
603,102,Yellow,Product_603,154.29,118.13
604,100,Black,Product_604,219.04,157.61
605,102,Yellow,Product_605,114.07,99.83
606,102,Red,Product_606,381.39,261.13
607,100,Green,Product_607,203.5,160.19
608,101,Red,Product_608,367.19,299.27
609,102,White,Product_609,204.0,153.17
610,102,Black,Product_610,105.38,80.97
611,100,Black,Product_611,124.47,111.8
612,104,Yellow,Product_612,236.35,151.29
613,101,Yellow,Product_613,327.71,256.75
614,103,Yellow,Product_614,464.64,300.12
615,102,Red,Product_615,97.35,79.9
616,102,Blue,Product_616,231.59,191.13
617,101,White,Product_617,365.89,303.28
618,100,White,Product_618,392.29,300.06
619,103,Red,Product_619,117.14,103.9
620,104,Yellow,Product_620,91.35,62.52
621,102,White,Product_621,489.25,358.41
622,103,White,Product_622,372.83,303.24
623,104,Green,Product_623,412.53,323.32
624,102,Yellow,Product_624,452.75,290.2
625,101,Yellow,Product_625,63.17,38.23
626,101,Black,Product_626,175.54,109.0
627,101,Yellow,Product_627,232.16,195.92
628,104,Red,Product_628,120.78,100.58
629,104,Green,Product_629,324.41,195.26
630,104,Black,Product_630,53.15,42.96
631,102,Red,Product_631,205.58,131.57
632,102,White,Product_632,95.94,71.11
633,102,Green,Product_633,224.35,145.37
634,104,Red,Product_634,135.61,103.46
635,100,Blue,Product_635,484.05,434.93
636,101,Yellow,Product_636,328.28,292.72
637,102,Red,Product_637,351.66,275.1
638,103,Yellow,Product_638,475.39,289.79
639,102,Black,Product_639,264.39,208.53
640,104,Red,Product_640,63.11,54.05
641,101,Yellow,Product_641,267.09,168.29
642,102,Blue,Product_642,112.05,80.05
643,100,Blue,Product_643,467.59,402.38
644,103,Black,Product_644,358.63,242.46
645,100,White,Product_645,490.95,418.31
646,100,White,Product_646,412.8,285.11
647,102,Black,Product_647,371.95,313.88
648,101,Blue,Product_648,394.4,283.3
649,104,Red,Product_649,129.71,112.35
650,100,Red,Product_650,332.49,236.35
651,103,Black,Product_651,167.0,107.38
652,100,White,Product_652,375.55,230.99
653,101,Red,Product_653,127.39,107.23
654,102,Red,Product_654,289.99,259.55
655,100,Black,Product_655,167.35,114.67
656,102,Yellow,Product_656,67.91,43.27
657,101,Green,Product_657,400.53,271.92
658,101,Black,Product_658,173.78,136.29
659,103,Black,Product_659,253.81,217.96
660,102,Blue,Product_660,376.15,303.79
661,102,Yellow,Product_661,346.4,264.72
662,100,Yellow,Product_662,437.73,312.77
663,103,White,Product_663,120.58,107.61
664,104,Blue,Product_664,399.53,291.59
665,103,Blue,Product_665,404.03,353.86
666,104,Blue,Product_666,388.72,249.42
667,103,White,Product_667,229.86,204.62
668,104,Green,Product_668,108.69,76.88
669,103,Black,Product_669,215.21,171.26
670,104,Black,Product_670,332.31,230.84
671,104,Yellow,Product_671,247.86,174.94
672,104,White,Product_672,113.21,90.82
673,100,Yellow,Product_673,301.29,193.24
674,104,Yellow,Product_674,156.29,110.52
675,100,White,Product_675,326.22,284.64
676,102,Yellow,Product_676,288.65,204.01
677,100,White,Product_677,306.71,246.16
678,102,Green,Product_678,366.46,290.82
679,100,Black,Product_679,322.03,215.75
680,104,Yellow,Product_680,353.08,244.39
681,101,Red,Product_681,121.03,75.06
682,104,Green,Product_682,415.33,319.12
683,103,Blue,Product_683,117.87,78.89
684,100,White,Product_684,67.94,57.81
685,104,Green,Product_685,349.7,216.35
686,101,Blue,Product_686,279.1,212.29
687,100,Red,Product_687,395.69,276.86
688,102,White,Product_688,401.13,341.6
689,103,White,Product_689,269.23,172.24
690,100,Blue,Product_690,135.79,118.67
691,100,Black,Product_691,444.37,312.09
692,101,Black,Product_692,429.19,348.09
693,104,Black,Product_693,180.62,114.81
694,103,White,Product_694,133.07,86.87
695,101,Green,Product_695,335.59,298.1
696,103,Green,Product_696,169.34,115.57
697,104,Blue,Product_697,265.08,164.35
698,104,Black,Product_698,172.86,153.89
699,104,Black,Product_699,423.22,282.67
700,103,Blue,Product_700,254.38,161.81
701,103,Green,Product_701,163.86,112.45
702,100,Black,Product_702,149.31,130.37
703,101,Yellow,Product_703,149.7,125.89
704,104,Green,Product_704,72.86,56.17
705,102,White,Product_705,112.55,93.86
706,100,White,Product_706,435.0,338.49
707,103,Red,Product_707,448.81,347.96
708,102,White,Product_708,317.79,217.23
709,100,Yellow,Product_709,405.65,344.48
710,102,White,Product_710,275.47,228.8
711,103,White,Product_711,95.56,82.13
712,103,Black,Product_712,359.34,283.74
713,103,Yellow,Product_713,122.74,84.19
714,104,Blue,Product_714,416.49,328.47
715,104,Blue,Product_715,471.15,360.58
716,100,White,Product_716,349.07,266.0
717,102,Yellow,Product_717,401.14,324.51
718,104,White,Product_718,413.58,304.95
719,101,Blue,Product_719,360.26,290.56
720,101,Red,Product_720,408.76,319.94
721,100,White,Product_721,402.85,275.49
722,101,White,Product_722,159.16,136.91
723,101,Black,Product_723,390.22,280.01
724,101,White,Product_724,441.58,297.64
725,100,Blue,Product_725,457.71,367.74
726,104,Red,Product_726,266.25,228.51
727,100,Red,Product_727,209.52,160.75
728,101,Black,Product_728,174.48,106.81
729,100,Blue,Product_729,302.03,240.86
730,102,White,Product_730,277.43,194.43
731,103,Yellow,Product_731,215.76,157.14
732,103,Blue,Product_732,181.17,161.85
733,101,Black,Product_733,206.88,135.33
734,103,Green,Product_734,304.93,251.84
735,102,Blue,Product_735,180.87,158.85
736,102,Blue,Product_736,68.48,42.35
737,104,Blue,Product_737,178.27,107.5
738,102,Black,Product_738,74.31,50.65
739,102,Red,Product_739,462.52,346.17
740,101,Green,Product_740,308.94,196.02
741,103,Green,Product_741,219.18,144.54
742,103,Yellow,Product_742,416.72,351.41
743,104,Red,Product_743,467.61,360.31
744,103,Blue,Product_744,116.15,94.47
745,102,Red,Product_745,66.24,40.49
746,101,White,Product_746,90.17,64.8
747,104,Blue,Product_747,218.81,186.55
748,102,Yellow,Product_748,447.14,297.66
749,100,Black,Product_749,224.77,192.34
750,103,Black,Product_750,199.35,151.09
751,102,Yellow,Product_751,383.63,314.97
752,103,Yellow,Product_752,326.78,249.6
753,103,Red,Product_753,165.85,131.15
754,102,White,Product_754,227.22,142.89
755,101,Green,Product_755,449.74,273.05
756,104,Red,Product_756,229.08,172.88
757,103,White,Product_757,417.85,371.12
758,103,Blue,Product_758,404.07,266.45
759,101,Blue,Product_759,225.53,140.18
760,100,Yellow,Product_760,288.0,214.62
761,103,Blue,Product_761,98.76,78.37
762,104,Yellow,Product_762,197.61,175.4
763,100,Red,Product_763,252.2,187.47
764,101,Yellow,Product_764,447.85,348.61
765,104,Green,Product_765,106.53,66.53
766,104,Yellow,Product_766,392.84,307.57
767,104,White,Product_767,57.45,50.86
768,103,Blue,Product_768,103.16,76.19
769,103,Blue,Product_769,143.1,116.74
770,101,Red,Product_770,259.98,188.81
771,101,Blue,Product_771,232.76,187.22
772,101,Black,Product_772,356.29,318.74
773,102,White,Product_773,389.57,290.27
774,103,Yellow,Product_774,430.58,319.65
775,100,White,Product_775,222.29,150.43
776,101,White,Product_776,473.48,394.26
777,101,Black,Product_777,76.39,51.1
778,101,White,Product_778,170.06,149.17
779,100,Red,Product_779,95.39,73.92
780,101,Black,Product_780,487.7,383.46
781,104,Red,Product_781,420.85,260.58
782,100,Black,Product_782,83.62,61.65
783,104,Red,Product_783,386.27,343.39
784,104,Blue,Product_784,478.29,318.95
785,100,Green,Product_785,243.43,169.92
786,104,Yellow,Product_786,201.2,146.35
787,101,Black,Product_787,235.28,147.95
788,102,Red,Product_788,60.65,42.95
789,100,Black,Product_789,418.56,282.15
790,103,Red,Product_790,232.02,184.62
791,104,Yellow,Product_791,121.41,105.43
792,100,Yellow,Product_792,214.43,149.99
793,103,Red,Product_793,429.88,288.47
794,104,Green,Product_794,208.98,143.16
795,104,Blue,Product_795,430.9,259.55
796,103,Black,Product_796,251.64,163.33
797,100,Black,Product_797,91.12,71.61
798,104,Green,Product_798,182.04,152.84
799,104,Black,Product_799,421.06,343.42
800,102,White,Product_800,358.87,268.69
801,104,Red,Product_801,463.26,354.83
802,102,White,Product_802,474.45,406.62
803,103,Yellow,Product_803,86.13,72.97
804,102,Yellow,Product_804,325.91,202.19
805,100,Blue,Product_805,379.9,237.31
806,100,Black,Product_806,180.54,132.85
807,101,Blue,Product_807,305.51,226.95
808,104,Blue,Product_808,264.91,212.9
809,102,Blue,Product_809,424.98,341.89
810,102,Green,Product_810,148.04,119.14
811,101,Green,Product_811,120.62,98.88
812,103,Black,Product_812,169.05,110.74
813,104,Black,Product_813,495.3,385.83
814,100,Yellow,Product_814,161.04,104.2
815,101,Black,Product_815,130.69,87.26
816,101,Green,Product_816,458.03,391.69
817,101,Green,Product_817,178.3,139.97
818,100,Black,Product_818,254.18,161.52
819,102,Blue,Product_819,230.9,148.14
820,100,Green,Product_820,473.56,338.56
821,102,Yellow,Product_821,219.46,184.03
822,103,Blue,Product_822,466.03,415.4
823,102,Black,Product_823,182.37,160.71
824,104,Green,Product_824,440.85,382.11
825,101,Blue,Product_825,375.81,281.05
826,103,White,Product_826,63.06,52.08
827,101,Red,Product_827,473.19,358.56
828,102,Red,Product_828,111.28,99.84
829,102,Black,Product_829,109.38,85.36
830,101,White,Product_830,307.13,206.16
831,101,White,Product_831,79.39,51.69
832,104,Blue,Product_832,347.75,306.72
833,102,Black,Product_833,301.58,187.45
834,103,Yellow,Product_834,154.89,111.8
835,103,Yellow,Product_835,483.41,395.16
836,103,Black,Product_836,424.37,322.22
837,104,Green,Product_837,393.45,289.4
838,103,White,Product_838,128.96,84.57
839,101,Yellow,Product_839,336.79,218.67
840,102,White,Product_840,406.21,263.54
841,104,Yellow,Product_841,84.06,55.83
842,100,Black,Product_842,85.67,53.49
843,102,Black,Product_843,477.34,362.4
844,103,White,Product_844,81.91,53.18
845,101,White,Product_845,204.14,154.19
846,104,Yellow,Product_846,176.08,117.83
847,102,White,Product_847,263.62,165.31
848,104,Yellow,Product_848,68.87,59.9
849,104,Red,Product_849,386.88,264.45
850,100,Yellow,Product_850,355.57,298.0
851,101,Yellow,Product_851,280.91,174.28
852,101,Green,Product_852,309.71,226.04
853,102,White,Product_853,328.58,202.09
854,102,Green,Product_854,79.73,49.33
855,101,White,Product_855,271.19,237.83
856,103,Blue,Product_856,212.4,175.91
857,104,Green,Product_857,304.98,248.7
858,100,Black,Product_858,180.73,134.19
859,101,Green,Product_859,415.7,342.01
860,102,Green,Product_860,274.52,190.96
861,104,Red,Product_861,283.27,178.43
862,103,Yellow,Product_862,362.78,299.61
863,100,Blue,Product_863,252.76,167.51
864,100,White,Product_864,368.81,279.15
865,102,Green,Product_865,414.21,346.98
866,103,Yellow,Product_866,133.02,102.01
867,102,Black,Product_867,85.55,65.44
868,102,Black,Product_868,76.95,66.22
869,101,Green,Product_869,312.87,204.27
870,101,Red,Product_870,319.83,220.18
871,102,Green,Product_871,219.87,145.19
872,103,White,Product_872,50.02,32.1
873,103,Red,Product_873,139.96,112.07
874,103,Red,Product_874,329.4,253.94
875,100,Red,Product_875,490.59,346.61
876,101,Red,Product_876,388.16,236.85
877,103,Black,Product_877,432.6,376.01
878,104,Blue,Product_878,336.79,277.51
879,101,Blue,Product_879,363.67,277.88
880,101,Black,Product_880,488.99,359.62
881,103,Black,Product_881,445.68,351.36
882,103,Yellow,Product_882,118.67,104.61
883,100,Green,Product_883,230.65,152.25
884,100,Black,Product_884,211.88,157.58
885,103,Red,Product_885,205.02,181.59
886,100,Blue,Product_886,193.04,151.88
887,103,Blue,Product_887,197.38,167.86
888,102,Blue,Product_888,285.93,249.25
889,100,Black,Product_889,170.15,122.94
890,104,Yellow,Product_890,332.92,240.01
891,101,Green,Product_891,79.37,70.5
892,101,Black,Product_892,319.34,275.95
893,104,Green,Product_893,137.51,96.02
894,103,Yellow,Product_894,496.16,424.28
895,101,Yellow,Product_895,324.5,285.65
896,103,Black,Product_896,440.88,371.35
897,102,Yellow,Product_897,179.75,136.65
898,100,Red,Product_898,140.6,96.28
899,102,Yellow,Product_899,82.17,55.26
900,101,White,Product_900,476.19,308.23
901,104,Yellow,Product_901,53.08,32.73
902,101,Green,Product_902,115.83,74.93
903,103,Blue,Product_903,333.82,257.61
904,104,Black,Product_904,192.79,147.8
905,100,Black,Product_905,157.43,109.6
906,103,Black,Product_906,369.32,236.05
907,104,Yellow,Product_907,161.2,100.39
908,101,Green,Product_908,373.38,291.62
909,103,Blue,Product_909,497.62,312.23
910,104,Red,Product_910,64.68,54.82
911,100,Red,Product_911,285.08,224.75
912,101,Red,Product_912,130.05,102.29
913,104,White,Product_913,245.08,213.15
914,104,Blue,Product_914,197.61,147.49
915,100,Black,Product_915,149.34,118.67
916,104,Blue,Product_916,499.55,389.04
917,101,Red,Product_917,176.68,123.66
918,104,Blue,Product_918,55.33,43.57
919,104,Green,Product_919,235.61,166.34
920,101,Yellow,Product_920,375.66,337.28
921,102,Yellow,Product_921,243.78,195.56
922,104,Red,Product_922,477.97,382.39
923,101,White,Product_923,101.83,72.05
924,104,Red,Product_924,423.35,302.0
925,104,White,Product_925,207.51,153.21
926,101,Black,Product_926,85.0,64.69
927,100,Green,Product_927,238.12,212.93
928,101,Black,Product_928,252.94,195.81
929,100,Blue,Product_929,403.85,344.97
930,103,Black,Product_930,98.1,59.28
931,101,Black,Product_931,252.78,156.67
932,104,Yellow,Product_932,304.06,265.07
933,100,Green,Product_933,269.09,211.49
934,104,White,Product_934,436.75,283.44
935,102,Red,Product_935,297.39,249.34
936,101,White,Product_936,491.74,383.7
937,103,Blue,Product_937,301.36,246.92
938,100,Yellow,Product_938,108.61,68.35
939,103,White,Product_939,387.17,285.14
940,101,Blue,Product_940,266.91,239.16
941,101,Green,Product_941,130.38,94.75
942,101,Green,Product_942,149.38,128.81
943,102,Green,Product_943,311.05,231.63
944,103,Green,Product_944,160.36,131.23
945,103,Blue,Product_945,496.02,334.84
946,102,White,Product_946,213.85,182.1
947,103,Black,Product_947,52.72,44.5
948,100,White,Product_948,275.91,199.56
949,100,Green,Product_949,403.83,300.3
950,101,Black,Product_950,79.33,61.12
951,102,Green,Product_951,103.82,92.03
952,100,Green,Product_952,250.03,183.63
953,101,Green,Product_953,148.33,99.04
954,101,Blue,Product_954,184.07,135.7
955,101,White,Product_955,275.85,185.99
956,104,Red,Product_956,138.2,84.96
957,102,Blue,Product_957,307.26,250.34
958,100,Black,Product_958,62.61,43.6
959,103,Black,Product_959,486.6,316.01
960,102,Yellow,Product_960,205.77,131.78
961,101,Yellow,Product_961,345.28,305.11
962,100,Green,Product_962,297.47,202.23
963,104,White,Product_963,198.35,128.39
964,101,Black,Product_964,51.83,32.61
965,103,Green,Product_965,415.85,269.43
966,100,Yellow,Product_966,453.2,387.91
967,103,White,Product_967,107.36,69.66
968,102,Yellow,Product_968,101.12,64.62
969,103,Red,Product_969,476.06,320.52
970,100,Red,Product_970,312.23,262.77
971,102,Blue,Product_971,69.57,47.5
972,100,Blue,Product_972,73.78,66.39
973,103,Yellow,Product_973,217.33,146.61
974,103,Black,Product_974,61.45,52.49
975,104,Yellow,Product_975,98.62,70.39
976,103,Red,Product_976,306.79,262.51
977,102,Green,Product_977,405.96,323.74
978,101,Black,Product_978,54.13,45.55
979,104,Black,Product_979,232.53,185.74
980,101,White,Product_980,271.09,190.55
981,100,Blue,Product_981,222.78,167.31
982,103,Blue,Product_982,216.83,172.45
983,100,Green,Product_983,254.32,222.81
984,101,Blue,Product_984,379.32,267.62
985,103,Black,Product_985,284.04,200.98
986,100,Blue,Product_986,262.54,190.42
987,100,Green,Product_987,177.88,123.08
988,102,Blue,Product_988,333.94,241.05
989,101,Blue,Product_989,317.16,255.72
990,101,White,Product_990,354.03,242.67
991,100,Green,Product_991,238.8,151.47
992,102,Green,Product_992,86.52,52.5
993,101,White,Product_993,458.33,350.45
994,100,Black,Product_994,435.19,335.83
995,102,White,Product_995,88.03,79.03
996,102,Yellow,Product_996,80.73,61.43
997,102,Green,Product_997,348.22,238.45
998,104,White,Product_998,72.81,59.53
999,102,Yellow,Product_999,288.41,175.98
1000,104,Yellow,Product_1000,143.2,97.6
